{"cameraMode":{"drawMode":0,"name":"Shaded","section":"Shading Mode"},"sceneLighting":false,"audioPlay":false,"sceneViewState":{"m_AlwaysRefresh":false,"showFog":true,"showSkybox":false,"showFlares":true,"showImageEffects":true,"showParticleSystems":true,"showVisualEffectGraphs":true,"m_FxEnabled":true},"in2DMode":false,"pivot":{"x":0.7300000190734863,"y":2.2699999809265138,"z":-1.1447677612304688},"rotation":{"x":-0.0866657942533493,"y":0.43109819293022158,"z":-0.04165124148130417,"w":-0.8972271084785461},"size":2.2241265773773195,"orthographic":true}