{"cameraMode":{"drawMode":0,"name":"Shaded","section":"Shading Mode"},"sceneLighting":false,"audioPlay":false,"sceneViewState":{"m_AlwaysRefresh":false,"showFog":true,"showSkybox":false,"showFlares":true,"showImageEffects":true,"showParticleSystems":true,"showVisualEffectGraphs":true,"m_FxEnabled":true},"in2DMode":false,"pivot":{"x":2.451547384262085,"y":0.17699313163757325,"z":4.8773908615112309},"rotation":{"x":-0.3493313193321228,"y":0.35203981399536135,"z":-0.14359566569328309,"w":-0.8564099073410034},"size":1.3187073469161988,"orthographic":true}