{"cameraMode":{"drawMode":0,"name":"Shaded","section":"Shading Mode"},"sceneLighting":false,"audioPlay":false,"sceneViewState":{"m_AlwaysRefresh":false,"showFog":true,"showSkybox":false,"showFlares":true,"showImageEffects":true,"showParticleSystems":true,"showVisualEffectGraphs":true,"m_FxEnabled":true},"in2DMode":false,"pivot":{"x":0.7300000190734863,"y":0.6800000667572022,"z":-1.1447677612304688},"rotation":{"x":-0.1928783357143402,"y":0.23098620772361756,"z":-0.046843934804201129,"w":-0.9525653123855591},"size":1.1120632886886597,"orthographic":true}