{"cameraMode":{"drawMode":0,"name":"Shaded","section":"Shading Mode"},"sceneLighting":true,"audioPlay":false,"sceneViewState":{"m_AlwaysRefresh":false,"showFog":true,"showSkybox":true,"showFlares":true,"showImageEffects":true,"showParticleSystems":true,"showVisualEffectGraphs":true,"m_FxEnabled":true},"in2DMode":false,"pivot":{"x":128.31626892089845,"y":882.7871704101563,"z":0.0000018987338989973069},"rotation":{"x":0.058466099202632907,"y":-0.004492288455367088,"z":0.0002630999078974128,"w":0.9982798099517822},"size":98.76163482666016,"orthographic":true}