{"cameraMode":{"drawMode":0,"name":"Shaded","section":"Shading Mode"},"sceneLighting":true,"audioPlay":false,"sceneViewState":{"m_AlwaysRefresh":false,"showFog":true,"showSkybox":true,"showFlares":true,"showImageEffects":true,"showParticleSystems":true,"showVisualEffectGraphs":true,"m_FxEnabled":true},"in2DMode":false,"pivot":{"x":3.949528694152832,"y":-0.17952358722686768,"z":11.017983436584473},"rotation":{"x":0.4182088077068329,"y":-0.3402872085571289,"z":0.17264042794704438,"w":0.8243204355239868},"size":1.0097706317901612,"orthographic":true}