{"cameraMode":{"drawMode":0,"name":"Shaded","section":"Shading Mode"},"sceneLighting":false,"audioPlay":false,"sceneViewState":{"m_AlwaysRefresh":false,"showFog":true,"showSkybox":false,"showFlares":true,"showImageEffects":true,"showParticleSystems":true,"showVisualEffectGraphs":true,"m_FxEnabled":true},"in2DMode":false,"pivot":{"x":-2.990000009536743,"y":1.7875139713287354,"z":-1.1399999856948853},"rotation":{"x":0.28999581933021548,"y":-0.5509433150291443,"z":0.21210899949073792,"w":0.7532585859298706},"size":3.6390819549560549,"orthographic":true}